Workbook

Sheet Base de datos
A1: ID | B1: in_sf | C1: beds | D1: bath | E1: price | F1: year_built | G1: sqft | H1: price_per_sqft | I1: elevation | J1: Opción Algoritmo 1 | K1: Diferencia
A2: 1 | B2: 0 | C2: 2 | D2: 1 | E2: 999000 | F2: 1960 | G2: 1000 | H2: 999 | I2: 10 | J2: =+IF(AND(I2<13,'Base de datos'!D2<2),0,1) -> 0 | K2: =+IF(J2=B2,"No","Sí") -> No
A3: 2 | B3: 0 | C3: 2 | D3: 2 | E3: 2750000 | F3: 2006 | G3: 1418 | H3: 1939 | I3: 0 | J3: =+IF(AND(I3<13,'Base de datos'!D3<2),0,1) -> 1 | K3: =+IF(J3=B3,"No","Sí") -> Sí
A4: 3 | B4: 0 | C4: 2 | D4: 2 | E4: 1350000 | F4: 1900 | G4: 2150 | H4: 628 | I4: 9 | J4: =+IF(AND(I4<13,'Base de datos'!D4<2),0,1) -> 1 | K4: =+IF(J4=B4,"No","Sí") -> Sí
A5: 4 | B5: 0 | C5: 1 | D5: 1 | E5: 629000 | F5: 1903 | G5: 500 | H5: 1258 | I5: 9 | J5: =+IF(AND(I5<13,'Base de datos'!D5<2),0,1) -> 0 | K5: =+IF(J5=B5,"No","Sí") -> No
A6: 5 | B6: 0 | C6: 0 | D6: 1 | E6: 439000 | F6: 1930 | G6: 500 | H6: 878 | I6: 10 | J6: =+IF(AND(I6<13,'Base de datos'!D6<2),0,1) -> 0 | K6: =+IF(J6=B6,"No","Sí") -> No
A7: 6 | B7: 0 | C7: 0 | D7: 1 | E7: 439000 | F7: 1930 | G7: 500 | H7: 878 | I7: 10 | J7: =+IF(AND(I7<13,'Base de datos'!D7<2),0,1) -> 0 | K7: =+IF(J7=B7,"No","Sí") -> No
A8: 7 | B8: 0 | C8: 1 | D8: 1 | E8: 475000 | F8: 1920 | G8: 500 | H8: 950 | I8: 10 | J8: =+IF(AND(I8<13,'Base de datos'!D8<2),0,1) -> 0 | K8: =+IF(J8=B8,"No","Sí") -> No
A9: 8 | B9: 0 | C9: 1 | D9: 1 | E9: 975000 | F9: 1930 | G9: 900 | H9: 1083 | I9: 10 | J9: =+IF(AND(I9<13,'Base de datos'!D9<2),0,1) -> 0 | K9: =+IF(J9=B9,"No","Sí") -> No
A10: 9 | B10: 0 | C10: 1 | D10: 1 | E10: 975000 | F10: 1930 | G10: 900 | H10: 1083 | I10: 12 | J10: =+IF(AND(I10<13,'Base de datos'!D10<2),0,1) -> 0 | K10: =+IF(J10=B10,"No","Sí") -> No
A11: 10 | B11: 0 | C11: 2 | D11: 1 | E11: 1895000 | F11: 1921 | G11: 1000 | H11: 1895 | I11: 12 | J11: =+IF(AND(I11<13,'Base de datos'!D11<2),0,1) -> 0 | K11: =+IF(J11=B11,"No","Sí") -> No
A12: 11 | B12: 0 | C12: 3 | D12: 3 | E12: 2095000 | F12: 1926 | G12: 2200 | H12: 952 | I12: 4 | J12: =+IF(AND(I12<13,'Base de datos'!D12<2),0,1) -> 1 | K12: =+IF(J12=B12,"No","Sí") -> Sí
A13: 12 | B13: 0 | C13: 1 | D13: 1 | E13: 999000 | F13: 1982 | G13: 784 | H13: 1274 | I13: 5 | J13: =+IF(AND(I13<13,'Base de datos'!D13<2),0,1) -> 0 | K13: =+IF(J13=B13,"No","Sí") -> No
... A15: 14 | B15: 0 | C15: 1 | D15: 1 | E15: 1249000 | F15: 1987 | G15: 826 | H15: 1512 | I15: 3 | J15: =+IF(AND(I15<13,'Base de datos'!D15<2),0,1) -> 0 | K15: =+IF(J15=B15,"No","Sí") -> No
A16: 15 | B16: 0 | C16: 0 | D16: 1 | E16: 1110000 | F16: 2008 | G16: 698 | H16: 1590 | I16: 5
A17: 16 | B17: 0 | C17: 2 | D17: 2 | E17: 2059500 | F17: 2008 | G17: 1373 | H17: 1500 | I17: 5
A18: 17 | B18: 0 | C18: 2 | D18: 2 | E18: 2000000 | F18: 1928 | G18: 1200 | H18: 1667 | I18: 10
A19: 18 | B19: 0 | C19: 1 | D19: 1 | E19: 715000 | F19: 1903 | G19: 557 | H19: 1284 | I19: 3
A20: 19 | B20: 0 | C20: 2 | D20: 2 | E20: 2498000 | F20: 2005 | G20: 1260 | H20: 1983 | I20: 2
A21: 20 | B21: 0 | C21: 2 | D21: 1.5 | E21: 2650000 | F21: 1915 | G21: 2500 | H21: 1060 | I21: 5
A22: 21 | B22: 0 | C22: 2 | D22: 2 | E22: 3450000 | F22: 1900 | G22: 1850 | H22: 1865 | I22: 9
A23: 22 | B23: 0 | C23: 1 | D23: 1 | E23: 3105000 | F23: 2016 | G23: 1108 | H23: 2802 | I23: 10
A24: 23 | B24: 0 | C24: 4 | D24: 5 | E24: 13750000 | F24: 2016 | G24: 3699 | H24: 3717 | I24: 10
A25: 24 | B25: 0 | C25: 2 | D25: 2 | E25: 1185000 | F25: 1900 | G25: 1000 | H25: 1185 | I25: 4
A26: 25 | B26: 0 | C26: 1 | D26: 2 | E26: 1699000 | F26: 1900 | G26: 1500 | H26: 1133 | I26: 5
A27: 26 | B27: 0 | C27: 1 | D27: 1 | E27: 1195000 | F27: 1900 | G27: 1093 | H27: 1093 | I27: 6
... A493: 492 | B493: 1 | C493: 3 | D493: 2 | E493: 995000 | F493: 1956 | G493: 1305 | H493: 762 | I493: 216

Sheet Diccionario de datos
A1: Variable | B1: Descripción
A2: in_sf | B2: 1 si está en SF, 0 en NY
A3: beds | B3: Número de recámras
A4: bath | B4: Número de baños
A5: price | B5: Precio
A6: year_built | B6: Año de construcción
A7: sqft | B7: Metros cuadrados de construcción
A8: price_per_sqft | B8: Precio por metro cuadrado
A9: elevation | B9: Elevación, altura de la construcción

Sheet Análisis_Variables
A1: Elevación
A3: Etiquetas de fila | B3: Promedio de elevation
A4: 0 | B4: 13.504464
A5: 1 | B5: 61.86194
A6: Total general | B6: 39.845528
A11: Baños
A12: Etiquetas de fila | B12: Promedio de bath
A13: 0 | B13: 1.8191964
A14: 1 | B14: 1.9779851
A15: Total general | B15: 1.9056911
